run_id,created_at,benchmark,prompt_template_id,model,item_id,lichess_puzzle_id,rating,rating_band,rating_bucket,primary_theme,status,solved,first_move_correct,exact_player_line,player_move_prefix_score,expected_full_line,expected_player_line,submitted_player_moves,revealed_opponent_moves,invalid_turn_index,error_message,latency_ms_total,input_tokens,output_tokens,total_tokens,reasoning_effort,max_output_tokens,reasoning_tokens,cost_usd,served_provider,generation_id,turns_json
20260605T181213Z-a5d90317,2026-06-05T18:12:13.235Z,lichess-puzzles-v1,uci-next-move-v1,minimax/minimax-m3,lichess:rYFDJ,rYFDJ,962,under-1200,0900-0999,bishopEndgame,error,false,false,false,0,"[""c2c4"",""b5c4"",""b3c4"",""d5c4"",""e3e4""]","[""c2c4"",""b3c4"",""e3e4""]",[],[],0,"invalid params, model[MiniMax-M3] does not support max tokens > 524288 (2013)",0,,,,,1000000,,,,,"[{""turnIndex"":0,""prompt"":""Position FEN: 8/p5pp/5p2/1p1k4/4b1PB/1P2K3/P1P4P/8 w - - 0 31\nFind the best move for the side to move.\nReply with UCI move notation only."",""rawAnswer"":"""",""parsedMove"":"""",""expectedMove"":""c2c4"",""result"":""error"",""errorMessage"":""invalid params, model[MiniMax-M3] does not support max tokens > 524288 (2013)""}]"
20260605T181213Z-a5d90317,2026-06-05T18:12:14.031Z,lichess-puzzles-v1,uci-next-move-v1,minimax/minimax-m3,lichess:xcx9M,xcx9M,952,under-1200,0900-0999,advancedPawn,error,false,false,false,0,"[""f2f1"",""a1f1"",""e2f1q""]","[""f2f1"",""e2f1q""]",[],[],0,"invalid params, model[MiniMax-M3] does not support max tokens > 524288 (2013)",0,,,,,1000000,,,,,"[{""turnIndex"":0,""prompt"":""Position FEN: r1b5/p5k1/1b5p/4R1pQ/1Np5/8/PPP1prPP/R6K b - - 0 24\nFind the best move for the side to move.\nReply with UCI move notation only."",""rawAnswer"":"""",""parsedMove"":"""",""expectedMove"":""f2f1"",""result"":""error"",""errorMessage"":""invalid params, model[MiniMax-M3] does not support max tokens > 524288 (2013)""}]"
20260605T181213Z-a5d90317,2026-06-05T18:12:14.849Z,lichess-puzzles-v1,uci-next-move-v1,minimax/minimax-m3,lichess:cf85Y,cf85Y,660,under-1200,0600-0699,kingsideAttack,error,false,false,false,0,"[""d6h2"",""g1f1"",""h2h1""]","[""d6h2"",""h2h1""]",[],[],0,"invalid params, model[MiniMax-M3] does not support max tokens > 524288 (2013)",0,,,,,1000000,,,,,"[{""turnIndex"":0,""prompt"":""Position FEN: r7/1pbk3p/2pqr2Q/p2p1BN1/3P4/7P/PPP2PP1/R5K1 b - - 1 24\nFind the best move for the side to move.\nReply with UCI move notation only."",""rawAnswer"":"""",""parsedMove"":"""",""expectedMove"":""d6h2"",""result"":""error"",""errorMessage"":""invalid params, model[MiniMax-M3] does not support max tokens > 524288 (2013)""}]"
20260605T181213Z-a5d90317,2026-06-05T18:12:15.355Z,lichess-puzzles-v1,uci-next-move-v1,minimax/minimax-m3,lichess:qHjJV,qHjJV,945,under-1200,0900-0999,fork,error,false,false,false,0,"[""h5h2"",""g1f1"",""h2h1""]","[""h5h2"",""h2h1""]",[],[],0,"invalid params, model[MiniMax-M3] does not support max tokens > 524288 (2013)",0,,,,,1000000,,,,,"[{""turnIndex"":0,""prompt"":""Position FEN: r1b2rk1/pp3ppp/3Rp3/2B1N2q/1PB1P1n1/P7/4QPPP/R5K1 b - - 0 17\nFind the best move for the side to move.\nReply with UCI move notation only."",""rawAnswer"":"""",""parsedMove"":"""",""expectedMove"":""h5h2"",""result"":""error"",""errorMessage"":""invalid params, model[MiniMax-M3] does not support max tokens > 524288 (2013)""}]"
20260605T181213Z-a5d90317,2026-06-05T18:12:15.708Z,lichess-puzzles-v1,uci-next-move-v1,minimax/minimax-m3,lichess:bueCS,bueCS,795,under-1200,0700-0799,backRankMate,error,false,false,false,0,"[""f2f7"",""g8h8"",""f7f8"",""d8f8"",""f1f8""]","[""f2f7"",""f7f8"",""f1f8""]",[],[],0,"invalid params, model[MiniMax-M3] does not support max tokens > 524288 (2013)",0,,,,,1000000,,,,,"[{""turnIndex"":0,""prompt"":""Position FEN: 3r2k1/1p3ppp/p7/P7/1P2p3/3q3P/3n1QP1/5R1K w - - 0 31\nFind the best move for the side to move.\nReply with UCI move notation only."",""rawAnswer"":"""",""parsedMove"":"""",""expectedMove"":""f2f7"",""result"":""error"",""errorMessage"":""invalid params, model[MiniMax-M3] does not support max tokens > 524288 (2013)""}]"
20260605T181213Z-a5d90317,2026-06-05T18:12:16.110Z,lichess-puzzles-v1,uci-next-move-v1,minimax/minimax-m3,lichess:DplK0,DplK0,970,under-1200,0900-0999,mate,error,false,false,false,0,"[""d2d1"",""f2f1"",""d1f1""]","[""d2d1"",""d1f1""]",[],[],0,"invalid params, model[MiniMax-M3] does not support max tokens > 524288 (2013)",0,,,,,1000000,,,,,"[{""turnIndex"":0,""prompt"":""Position FEN: 1k3r2/1pp5/6pp/R3p3/6p1/2P5/QP1r1RPP/6K1 b - - 0 26\nFind the best move for the side to move.\nReply with UCI move notation only."",""rawAnswer"":"""",""parsedMove"":"""",""expectedMove"":""d2d1"",""result"":""error"",""errorMessage"":""invalid params, model[MiniMax-M3] does not support max tokens > 524288 (2013)""}]"
20260605T181213Z-a5d90317,2026-06-05T18:12:16.508Z,lichess-puzzles-v1,uci-next-move-v1,minimax/minimax-m3,lichess:AVmGv,AVmGv,841,under-1200,0800-0899,fork,error,false,false,false,0,"[""f3e1"",""g2f2"",""e1c2""]","[""f3e1"",""e1c2""]",[],[],0,"invalid params, model[MiniMax-M3] does not support max tokens > 524288 (2013)",0,,,,,1000000,,,,,"[{""turnIndex"":0,""prompt"":""Position FEN: 5r2/p1P3k1/1p6/3Bp2p/4Pp2/5n1P/PPR3K1/8 b - - 1 36\nFind the best move for the side to move.\nReply with UCI move notation only."",""rawAnswer"":"""",""parsedMove"":"""",""expectedMove"":""f3e1"",""result"":""error"",""errorMessage"":""invalid params, model[MiniMax-M3] does not support max tokens > 524288 (2013)""}]"
20260605T181213Z-a5d90317,2026-06-05T18:12:16.816Z,lichess-puzzles-v1,uci-next-move-v1,minimax/minimax-m3,lichess:aS8JU,aS8JU,995,under-1200,0900-0999,fork,error,false,false,false,0,"[""d7b5"",""f1g1"",""e8e1"",""g1h2"",""g7e5"",""g2g3"",""e5c7""]","[""d7b5"",""e8e1"",""g7e5"",""e5c7""]",[],[],0,"invalid params, model[MiniMax-M3] does not support max tokens > 524288 (2013)",0,,,,,1000000,,,,,"[{""turnIndex"":0,""prompt"":""Position FEN: 4r1k1/2Rb1pbp/6p1/8/8/BN5P/P4PP1/5K2 b - - 4 28\nFind the best move for the side to move.\nReply with UCI move notation only."",""rawAnswer"":"""",""parsedMove"":"""",""expectedMove"":""d7b5"",""result"":""error"",""errorMessage"":""invalid params, model[MiniMax-M3] does not support max tokens > 524288 (2013)""}]"
20260605T181213Z-a5d90317,2026-06-05T18:12:17.099Z,lichess-puzzles-v1,uci-next-move-v1,minimax/minimax-m3,lichess:mah38,mah38,832,under-1200,0800-0899,arabianMate,error,false,false,false,0,"[""e4f6"",""h7h8"",""g1g8""]","[""e4f6"",""g1g8""]",[],[],0,"invalid params, model[MiniMax-M3] does not support max tokens > 524288 (2013)",0,,,,,1000000,,,,,"[{""turnIndex"":0,""prompt"":""Position FEN: 8/p3rp1k/1p5p/8/4Np1n/P1P2P2/1P3K1P/6R1 w - - 0 29\nFind the best move for the side to move.\nReply with UCI move notation only."",""rawAnswer"":"""",""parsedMove"":"""",""expectedMove"":""e4f6"",""result"":""error"",""errorMessage"":""invalid params, model[MiniMax-M3] does not support max tokens > 524288 (2013)""}]"
20260605T181213Z-a5d90317,2026-06-05T18:12:17.394Z,lichess-puzzles-v1,uci-next-move-v1,minimax/minimax-m3,lichess:jQKRv,jQKRv,865,under-1200,0800-0899,fork,error,false,false,false,0,"[""d4e6"",""g7f6"",""e6c7"",""c3d5"",""c7d5""]","[""d4e6"",""e6c7"",""c7d5""]",[],[],0,"invalid params, model[MiniMax-M3] does not support max tokens > 524288 (2013)",0,,,,,1000000,,,,,"[{""turnIndex"":0,""prompt"":""Position FEN: 8/p1r3kp/6p1/1P1R1p2/3N1P2/2n3P1/5K1P/8 w - - 4 34\nFind the best move for the side to move.\nReply with UCI move notation only."",""rawAnswer"":"""",""parsedMove"":"""",""expectedMove"":""d4e6"",""result"":""error"",""errorMessage"":""invalid params, model[MiniMax-M3] does not support max tokens > 524288 (2013)""}]"
20260605T181213Z-a5d90317,2026-06-05T18:12:18.142Z,lichess-puzzles-v1,uci-next-move-v1,minimax/minimax-m3,lichess:NA1bX,NA1bX,1115,under-1200,1100-1199,advantage,error,false,false,false,0,"[""a1e1"",""g3e1"",""h1h2""]","[""a1e1"",""h1h2""]",[],[],0,"invalid params, model[MiniMax-M3] does not support max tokens > 524288 (2013)",0,,,,,1000000,,,,,"[{""turnIndex"":0,""prompt"":""Position FEN: 6k1/1p4p1/p1p3pp/3p4/6P1/2NP1Qq1/PPP3Pb/R3r2K w - - 1 25\nFind the best move for the side to move.\nReply with UCI move notation only."",""rawAnswer"":"""",""parsedMove"":"""",""expectedMove"":""a1e1"",""result"":""error"",""errorMessage"":""invalid params, model[MiniMax-M3] does not support max tokens > 524288 (2013)""}]"
20260605T181213Z-a5d90317,2026-06-05T18:12:18.441Z,lichess-puzzles-v1,uci-next-move-v1,minimax/minimax-m3,lichess:F1m9o,F1m9o,735,under-1200,0700-0799,backRankMate,error,false,false,false,0,"[""d4d8"",""b8d8"",""d2d8"",""a5d8"",""d1d8""]","[""d4d8"",""d2d8"",""d1d8""]",[],[],0,"invalid params, model[MiniMax-M3] does not support max tokens > 524288 (2013)",0,,,,,1000000,,,,,"[{""turnIndex"":0,""prompt"":""Position FEN: 1r1r2k1/p4ppp/4b3/q3P3/2pQ1P2/6P1/P2R2BP/3R2K1 w - - 0 27\nFind the best move for the side to move.\nReply with UCI move notation only."",""rawAnswer"":"""",""parsedMove"":"""",""expectedMove"":""d4d8"",""result"":""error"",""errorMessage"":""invalid params, model[MiniMax-M3] does not support max tokens > 524288 (2013)""}]"
20260605T181213Z-a5d90317,2026-06-05T18:12:19.170Z,lichess-puzzles-v1,uci-next-move-v1,minimax/minimax-m3,lichess:r4Ama,r4Ama,1044,under-1200,1000-1099,fork,error,false,false,false,0,"[""a5a8"",""h8h7"",""a8e4"",""h7g8"",""e4c2""]","[""a5a8"",""a8e4"",""e4c2""]",[],[],0,"invalid params, model[MiniMax-M3] does not support max tokens > 524288 (2013)",0,,,,,1000000,,,,,"[{""turnIndex"":0,""prompt"":""Position FEN: 7k/5rp1/1p5p/Q7/P6P/6P1/2r2PK1/8 w - - 0 38\nFind the best move for the side to move.\nReply with UCI move notation only."",""rawAnswer"":"""",""parsedMove"":"""",""expectedMove"":""a5a8"",""result"":""error"",""errorMessage"":""invalid params, model[MiniMax-M3] does not support max tokens > 524288 (2013)""}]"
20260605T181213Z-a5d90317,2026-06-05T18:12:19.643Z,lichess-puzzles-v1,uci-next-move-v1,minimax/minimax-m3,lichess:5ZpjB,5ZpjB,911,under-1200,0900-0999,capturingDefender,error,false,false,false,0,"[""c2c1"",""d1c1"",""b2d2""]","[""c2c1"",""b2d2""]",[],[],0,"invalid params, model[MiniMax-M3] does not support max tokens > 524288 (2013)",0,,,,,1000000,,,,,"[{""turnIndex"":0,""prompt"":""Position FEN: 6k1/p4p1p/4p3/8/8/3p3P/1rqN1PP1/2QR2K1 b - - 2 22\nFind the best move for the side to move.\nReply with UCI move notation only."",""rawAnswer"":"""",""parsedMove"":"""",""expectedMove"":""c2c1"",""result"":""error"",""errorMessage"":""invalid params, model[MiniMax-M3] does not support max tokens > 524288 (2013)""}]"
20260605T181213Z-a5d90317,2026-06-05T18:12:20.011Z,lichess-puzzles-v1,uci-next-move-v1,minimax/minimax-m3,lichess:QXcPV,QXcPV,1117,under-1200,1100-1199,advantage,error,false,false,false,0,"[""d2e4"",""f6e4"",""d3e4""]","[""d2e4"",""d3e4""]",[],[],0,"invalid params, model[MiniMax-M3] does not support max tokens > 524288 (2013)",0,,,,,1000000,,,,,"[{""turnIndex"":0,""prompt"":""Position FEN: 1r1q1rk1/p1p2pp1/3p1n1p/P1pPp3/2P1b3/2PQ2P1/3NBP1P/R4RK1 w - - 0 18\nFind the best move for the side to move.\nReply with UCI move notation only."",""rawAnswer"":"""",""parsedMove"":"""",""expectedMove"":""d2e4"",""result"":""error"",""errorMessage"":""invalid params, model[MiniMax-M3] does not support max tokens > 524288 (2013)""}]"
20260605T181213Z-a5d90317,2026-06-05T18:12:20.426Z,lichess-puzzles-v1,uci-next-move-v1,minimax/minimax-m3,lichess:3L0Al,3L0Al,671,under-1200,0600-0699,backRankMate,error,false,false,false,0,"[""e2e1"",""f3e1"",""e8e1""]","[""e2e1"",""e8e1""]",[],[],0,"invalid params, model[MiniMax-M3] does not support max tokens > 524288 (2013)",0,,,,,1000000,,,,,"[{""turnIndex"":0,""prompt"":""Position FEN: 4r2k/p4Q2/6pp/5n2/8/1PR2N2/P3rPPP/b5K1 b - - 0 35\nFind the best move for the side to move.\nReply with UCI move notation only."",""rawAnswer"":"""",""parsedMove"":"""",""expectedMove"":""e2e1"",""result"":""error"",""errorMessage"":""invalid params, model[MiniMax-M3] does not support max tokens > 524288 (2013)""}]"
20260605T181213Z-a5d90317,2026-06-05T18:12:21.038Z,lichess-puzzles-v1,uci-next-move-v1,minimax/minimax-m3,lichess:sY2XR,sY2XR,740,under-1200,0700-0799,fork,error,false,false,false,0,"[""d4e6"",""g5h6"",""e6c7""]","[""d4e6"",""e6c7""]",[],[],0,"invalid params, model[MiniMax-M3] does not support max tokens > 524288 (2013)",0,,,,,1000000,,,,,"[{""turnIndex"":0,""prompt"":""Position FEN: 4b3/2r5/R5p1/5pkp/3N4/2P2KP1/7P/8 w - - 5 45\nFind the best move for the side to move.\nReply with UCI move notation only."",""rawAnswer"":"""",""parsedMove"":"""",""expectedMove"":""d4e6"",""result"":""error"",""errorMessage"":""invalid params, model[MiniMax-M3] does not support max tokens > 524288 (2013)""}]"
20260605T181213Z-a5d90317,2026-06-05T18:12:21.342Z,lichess-puzzles-v1,uci-next-move-v1,minimax/minimax-m3,lichess:9964c,9964c,1006,under-1200,1000-1099,backRankMate,error,false,false,false,0,"[""f5f2"",""g1h1"",""f2f1"",""a1f1"",""f8f1""]","[""f5f2"",""f2f1"",""f8f1""]",[],[],0,"invalid params, model[MiniMax-M3] does not support max tokens > 524288 (2013)",0,,,,,1000000,,,,,"[{""turnIndex"":0,""prompt"":""Position FEN: r4rk1/p3p3/2pp2pQ/2p2q1n/8/2NP3R/PPP3PP/R5K1 b - - 0 17\nFind the best move for the side to move.\nReply with UCI move notation only."",""rawAnswer"":"""",""parsedMove"":"""",""expectedMove"":""f5f2"",""result"":""error"",""errorMessage"":""invalid params, model[MiniMax-M3] does not support max tokens > 524288 (2013)""}]"
20260605T181213Z-a5d90317,2026-06-05T18:12:21.725Z,lichess-puzzles-v1,uci-next-move-v1,minimax/minimax-m3,lichess:YYWhh,YYWhh,1071,under-1200,1000-1099,defensiveMove,error,false,false,false,0,"[""e4d6"",""f7f8"",""d6c4"",""g3g2"",""g5e3""]","[""e4d6"",""d6c4"",""g5e3""]",[],[],0,"invalid params, model[MiniMax-M3] does not support max tokens > 524288 (2013)",0,,,,,1000000,,,,,"[{""turnIndex"":0,""prompt"":""Position FEN: 8/5kp1/2p5/1p2KPB1/2r1N3/2P3p1/8/8 w - - 0 46\nFind the best move for the side to move.\nReply with UCI move notation only."",""rawAnswer"":"""",""parsedMove"":"""",""expectedMove"":""e4d6"",""result"":""error"",""errorMessage"":""invalid params, model[MiniMax-M3] does not support max tokens > 524288 (2013)""}]"
20260605T181213Z-a5d90317,2026-06-05T18:12:22.018Z,lichess-puzzles-v1,uci-next-move-v1,minimax/minimax-m3,lichess:9OpqZ,9OpqZ,1093,under-1200,1000-1099,crushing,error,false,false,false,0,"[""c3c1"",""f4c1"",""c4c1""]","[""c3c1"",""c4c1""]",[],[],0,"invalid params, model[MiniMax-M3] does not support max tokens > 524288 (2013)",0,,,,,1000000,,,,,"[{""turnIndex"":0,""prompt"":""Position FEN: 6n1/5pkp/R3p1p1/1p1pP3/1PqP1QPP/2r5/5P2/5NK1 b - - 0 32\nFind the best move for the side to move.\nReply with UCI move notation only."",""rawAnswer"":"""",""parsedMove"":"""",""expectedMove"":""c3c1"",""result"":""error"",""errorMessage"":""invalid params, model[MiniMax-M3] does not support max tokens > 524288 (2013)""}]"
20260605T181213Z-a5d90317,2026-06-05T18:12:22.600Z,lichess-puzzles-v1,uci-next-move-v1,minimax/minimax-m3,lichess:s0lTH,s0lTH,1033,under-1200,1000-1099,fork,error,false,false,false,0,"[""b6e3"",""c1b1"",""e3h6""]","[""b6e3"",""e3h6""]",[],[],0,"invalid params, model[MiniMax-M3] does not support max tokens > 524288 (2013)",0,,,,,1000000,,,,,"[{""turnIndex"":0,""prompt"":""Position FEN: 2k5/p1pr1p2/1b3p1N/3pp2P/6r1/2PP2P1/PP6/2KR1R2 b - - 0 25\nFind the best move for the side to move.\nReply with UCI move notation only."",""rawAnswer"":"""",""parsedMove"":"""",""expectedMove"":""b6e3"",""result"":""error"",""errorMessage"":""invalid params, model[MiniMax-M3] does not support max tokens > 524288 (2013)""}]"
20260605T181213Z-a5d90317,2026-06-05T18:12:22.887Z,lichess-puzzles-v1,uci-next-move-v1,minimax/minimax-m3,lichess:Cukso,Cukso,1054,under-1200,1000-1099,pawnEndgame,error,false,false,false,0,"[""g6h5"",""g3g2"",""h5h4"",""g2h2"",""g4g3""]","[""g6h5"",""h5h4"",""g4g3""]",[],[],0,"invalid params, model[MiniMax-M3] does not support max tokens > 524288 (2013)",0,,,,,1000000,,,,,"[{""turnIndex"":0,""prompt"":""Position FEN: 8/8/1p4k1/p1p2p2/P1P2PpP/2P3K1/8/8 b - - 8 41\nFind the best move for the side to move.\nReply with UCI move notation only."",""rawAnswer"":"""",""parsedMove"":"""",""expectedMove"":""g6h5"",""result"":""error"",""errorMessage"":""invalid params, model[MiniMax-M3] does not support max tokens > 524288 (2013)""}]"
20260605T181213Z-a5d90317,2026-06-05T18:12:23.169Z,lichess-puzzles-v1,uci-next-move-v1,minimax/minimax-m3,lichess:WcCMP,WcCMP,973,under-1200,0900-0999,fork,error,false,false,false,0,"[""g2d5"",""g8f8"",""d5c4""]","[""g2d5"",""d5c4""]",[],[],0,"invalid params, model[MiniMax-M3] does not support max tokens > 524288 (2013)",0,,,,,1000000,,,,,"[{""turnIndex"":0,""prompt"":""Position FEN: 6k1/7p/p5p1/1p2P3/2rb3P/P5P1/2bR2BK/8 w - - 4 35\nFind the best move for the side to move.\nReply with UCI move notation only."",""rawAnswer"":"""",""parsedMove"":"""",""expectedMove"":""g2d5"",""result"":""error"",""errorMessage"":""invalid params, model[MiniMax-M3] does not support max tokens > 524288 (2013)""}]"
20260605T181213Z-a5d90317,2026-06-05T18:12:23.771Z,lichess-puzzles-v1,uci-next-move-v1,minimax/minimax-m3,lichess:kixoW,kixoW,906,under-1200,0900-0999,advancedPawn,error,false,false,false,0,"[""e5e4"",""h3h4"",""e4e3"",""h4g5"",""e3e2""]","[""e5e4"",""e4e3"",""e3e2""]",[],[],0,"invalid params, model[MiniMax-M3] does not support max tokens > 524288 (2013)",0,,,,,1000000,,,,,"[{""turnIndex"":0,""prompt"":""Position FEN: 8/2p5/3p4/pB1Pp3/P6p/2P4K/5k2/8 b - - 7 45\nFind the best move for the side to move.\nReply with UCI move notation only."",""rawAnswer"":"""",""parsedMove"":"""",""expectedMove"":""e5e4"",""result"":""error"",""errorMessage"":""invalid params, model[MiniMax-M3] does not support max tokens > 524288 (2013)""}]"
20260605T181213Z-a5d90317,2026-06-05T18:12:24.098Z,lichess-puzzles-v1,uci-next-move-v1,minimax/minimax-m3,lichess:1Vuf8,1Vuf8,919,under-1200,0900-0999,deflection,error,false,false,false,0,"[""f3f4"",""e5d6"",""e3d4""]","[""f3f4"",""e3d4""]",[],[],0,"invalid params, model[MiniMax-M3] does not support max tokens > 524288 (2013)",0,,,,,1000000,,,,,"[{""turnIndex"":0,""prompt"":""Position FEN: 8/5p2/4p1pp/p3k3/P1Bn4/1P2KP2/6PP/8 w - - 7 35\nFind the best move for the side to move.\nReply with UCI move notation only."",""rawAnswer"":"""",""parsedMove"":"""",""expectedMove"":""f3f4"",""result"":""error"",""errorMessage"":""invalid params, model[MiniMax-M3] does not support max tokens > 524288 (2013)""}]"
20260605T181213Z-a5d90317,2026-06-05T18:12:24.736Z,lichess-puzzles-v1,uci-next-move-v1,minimax/minimax-m3,lichess:CsJYr,CsJYr,976,under-1200,0900-0999,advancedPawn,error,false,false,false,0,"[""c8c1"",""h1h2"",""a3a2""]","[""c8c1"",""a3a2""]",[],[],0,"invalid params, model[MiniMax-M3] does not support max tokens > 524288 (2013)",0,,,,,1000000,,,,,"[{""turnIndex"":0,""prompt"":""Position FEN: 2r3k1/3Q1p1p/1p2p1p1/8/5P2/p6P/6P1/2R4K b - - 0 41\nFind the best move for the side to move.\nReply with UCI move notation only."",""rawAnswer"":"""",""parsedMove"":"""",""expectedMove"":""c8c1"",""result"":""error"",""errorMessage"":""invalid params, model[MiniMax-M3] does not support max tokens > 524288 (2013)""}]"
20260605T181213Z-a5d90317,2026-06-05T18:12:25.029Z,lichess-puzzles-v1,uci-next-move-v1,minimax/minimax-m3,lichess:ohQr4,ohQr4,603,under-1200,0600-0699,kingsideAttack,error,false,false,false,0,"[""e2e8"",""a8e8"",""e1e8""]","[""e2e8"",""e1e8""]",[],[],0,"invalid params, model[MiniMax-M3] does not support max tokens > 524288 (2013)",0,,,,,1000000,,,,,"[{""turnIndex"":0,""prompt"":""Position FEN: r3r1k1/ppq3pp/3p4/2np4/2P5/6BP/P1P1Q3/4RRK1 w - - 0 21\nFind the best move for the side to move.\nReply with UCI move notation only."",""rawAnswer"":"""",""parsedMove"":"""",""expectedMove"":""e2e8"",""result"":""error"",""errorMessage"":""invalid params, model[MiniMax-M3] does not support max tokens > 524288 (2013)""}]"
20260605T181213Z-a5d90317,2026-06-05T18:12:25.328Z,lichess-puzzles-v1,uci-next-move-v1,minimax/minimax-m3,lichess:zHmgI,zHmgI,1111,under-1200,1100-1199,mate,error,false,false,false,0,"[""b1b8"",""f6f8"",""b8f8""]","[""b1b8"",""b8f8""]",[],[],0,"invalid params, model[MiniMax-M3] does not support max tokens > 524288 (2013)",0,,,,,1000000,,,,,"[{""turnIndex"":0,""prompt"":""Position FEN: 7k/3R3p/3P1rp1/2b5/2P5/6P1/2r4P/1R5K w - - 0 37\nFind the best move for the side to move.\nReply with UCI move notation only."",""rawAnswer"":"""",""parsedMove"":"""",""expectedMove"":""b1b8"",""result"":""error"",""errorMessage"":""invalid params, model[MiniMax-M3] does not support max tokens > 524288 (2013)""}]"
20260605T181213Z-a5d90317,2026-06-05T18:12:25.712Z,lichess-puzzles-v1,uci-next-move-v1,minimax/minimax-m3,lichess:p3uvj,p3uvj,1137,under-1200,1100-1199,pin,error,false,false,false,0,"[""d1d8"",""g7f8"",""c1h6""]","[""d1d8"",""c1h6""]",[],[],0,"invalid params, model[MiniMax-M3] does not support max tokens > 524288 (2013)",0,,,,,1000000,,,,,"[{""turnIndex"":0,""prompt"":""Position FEN: 6k1/1p3pbp/p5p1/1p6/P7/1R5P/1Pr1r1P1/2BR2K1 w - - 1 26\nFind the best move for the side to move.\nReply with UCI move notation only."",""rawAnswer"":"""",""parsedMove"":"""",""expectedMove"":""d1d8"",""result"":""error"",""errorMessage"":""invalid params, model[MiniMax-M3] does not support max tokens > 524288 (2013)""}]"
20260605T181213Z-a5d90317,2026-06-05T18:12:26.346Z,lichess-puzzles-v1,uci-next-move-v1,minimax/minimax-m3,lichess:wwT5i,wwT5i,1000,under-1200,1000-1099,deflection,error,false,false,false,0,"[""d3h7"",""g8h8"",""f1f8""]","[""d3h7"",""f1f8""]",[],[],0,"invalid params, model[MiniMax-M3] does not support max tokens > 524288 (2013)",0,,,,,1000000,,,,,"[{""turnIndex"":0,""prompt"":""Position FEN: 5rk1/2p3p1/1p1p3p/pP1P3q/P1P3b1/3B2P1/2Q5/5RK1 w - - 0 31\nFind the best move for the side to move.\nReply with UCI move notation only."",""rawAnswer"":"""",""parsedMove"":"""",""expectedMove"":""d3h7"",""result"":""error"",""errorMessage"":""invalid params, model[MiniMax-M3] does not support max tokens > 524288 (2013)""}]"
20260605T181213Z-a5d90317,2026-06-05T18:12:26.715Z,lichess-puzzles-v1,uci-next-move-v1,minimax/minimax-m3,lichess:v6WfE,v6WfE,734,under-1200,0700-0799,crushing,error,false,false,false,0,"[""d2g2"",""g3h4"",""g2h2""]","[""d2g2"",""g2h2""]",[],[],0,"invalid params, model[MiniMax-M3] does not support max tokens > 524288 (2013)",0,,,,,1000000,,,,,"[{""turnIndex"":0,""prompt"":""Position FEN: 6k1/pp3p2/7Q/5R2/1P2P1P1/P4PK1/2qr4/8 b - - 0 46\nFind the best move for the side to move.\nReply with UCI move notation only."",""rawAnswer"":"""",""parsedMove"":"""",""expectedMove"":""d2g2"",""result"":""error"",""errorMessage"":""invalid params, model[MiniMax-M3] does not support max tokens > 524288 (2013)""}]"
20260605T181213Z-a5d90317,2026-06-05T18:12:27.239Z,lichess-puzzles-v1,uci-next-move-v1,minimax/minimax-m3,lichess:XoAfm,XoAfm,810,under-1200,0800-0899,fork,error,false,false,false,0,"[""h5f4"",""g2h2"",""f4d5""]","[""h5f4"",""f4d5""]",[],[],0,"invalid params, model[MiniMax-M3] does not support max tokens > 524288 (2013)",0,,,,,1000000,,,,,"[{""turnIndex"":0,""prompt"":""Position FEN: 8/1p3rk1/6p1/1PPQ2Pn/8/7P/6K1/8 b - - 2 41\nFind the best move for the side to move.\nReply with UCI move notation only."",""rawAnswer"":"""",""parsedMove"":"""",""expectedMove"":""h5f4"",""result"":""error"",""errorMessage"":""invalid params, model[MiniMax-M3] does not support max tokens > 524288 (2013)""}]"
20260605T181213Z-a5d90317,2026-06-05T18:12:27.534Z,lichess-puzzles-v1,uci-next-move-v1,minimax/minimax-m3,lichess:YyyKr,YyyKr,1125,under-1200,1100-1199,attraction,error,false,false,false,0,"[""d8f8"",""f7f8"",""c5e6"",""f8e8"",""e6c7""]","[""d8f8"",""c5e6"",""e6c7""]",[],[],0,"invalid params, model[MiniMax-M3] does not support max tokens > 524288 (2013)",0,,,,,1000000,,,,,"[{""turnIndex"":0,""prompt"":""Position FEN: 3R1n2/2r1pk1p/5pp1/2N5/4PP2/8/4K1PP/8 w - - 1 31\nFind the best move for the side to move.\nReply with UCI move notation only."",""rawAnswer"":"""",""parsedMove"":"""",""expectedMove"":""d8f8"",""result"":""error"",""errorMessage"":""invalid params, model[MiniMax-M3] does not support max tokens > 524288 (2013)""}]"
20260605T181213Z-a5d90317,2026-06-05T18:12:27.862Z,lichess-puzzles-v1,uci-next-move-v1,minimax/minimax-m3,lichess:3iGOX,3iGOX,897,under-1200,0800-0899,fork,error,false,false,false,0,"[""f4e2"",""g1h2"",""e2g3""]","[""f4e2"",""e2g3""]",[],[],0,"invalid params, model[MiniMax-M3] does not support max tokens > 524288 (2013)",0,,,,,1000000,,,,,"[{""turnIndex"":0,""prompt"":""Position FEN: r3r1k1/2qb1pp1/p4P1p/1ppnp3/4Nn2/2PP2QP/PPB3P1/R1B2RK1 b - - 0 25\nFind the best move for the side to move.\nReply with UCI move notation only."",""rawAnswer"":"""",""parsedMove"":"""",""expectedMove"":""f4e2"",""result"":""error"",""errorMessage"":""invalid params, model[MiniMax-M3] does not support max tokens > 524288 (2013)""}]"
20260605T181213Z-a5d90317,2026-06-05T18:12:28.304Z,lichess-puzzles-v1,uci-next-move-v1,minimax/minimax-m3,lichess:snNse,snNse,1036,under-1200,1000-1099,pin,error,false,false,false,0,"[""a5c4"",""d2e2"",""c4e3""]","[""a5c4"",""c4e3""]",[],[],0,"invalid params, model[MiniMax-M3] does not support max tokens > 524288 (2013)",0,,,,,1000000,,,,,"[{""turnIndex"":0,""prompt"":""Position FEN: 1r3k1r/p1p2ppp/8/n2qp3/8/2PPQN1P/P1PK1PP1/R6R b - - 5 19\nFind the best move for the side to move.\nReply with UCI move notation only."",""rawAnswer"":"""",""parsedMove"":"""",""expectedMove"":""a5c4"",""result"":""error"",""errorMessage"":""invalid params, model[MiniMax-M3] does not support max tokens > 524288 (2013)""}]"
20260605T181213Z-a5d90317,2026-06-05T18:12:28.717Z,lichess-puzzles-v1,uci-next-move-v1,minimax/minimax-m3,lichess:13e9F,13e9F,1065,under-1200,1000-1099,mate,error,false,false,false,0,"[""f3h3"",""c1h6"",""h3h6""]","[""f3h3"",""h3h6""]",[],[],0,"invalid params, model[MiniMax-M3] does not support max tokens > 524288 (2013)",0,,,,,1000000,,,,,"[{""turnIndex"":0,""prompt"":""Position FEN: 3r2r1/ppb2p1k/2p5/4PN2/1PPp2Q1/P4R2/6KP/2q5 w - - 6 31\nFind the best move for the side to move.\nReply with UCI move notation only."",""rawAnswer"":"""",""parsedMove"":"""",""expectedMove"":""f3h3"",""result"":""error"",""errorMessage"":""invalid params, model[MiniMax-M3] does not support max tokens > 524288 (2013)""}]"
20260605T181213Z-a5d90317,2026-06-05T18:12:29.178Z,lichess-puzzles-v1,uci-next-move-v1,minimax/minimax-m3,lichess:VrOfI,VrOfI,1060,under-1200,1000-1099,mate,error,false,false,false,0,"[""f5g5"",""g1h1"",""e4f3""]","[""f5g5"",""e4f3""]",[],[],0,"invalid params, model[MiniMax-M3] does not support max tokens > 524288 (2013)",0,,,,,1000000,,,,,"[{""turnIndex"":0,""prompt"":""Position FEN: 8/ppk3pp/3p4/5r2/3Bb3/P1P2P2/5P1P/4RRK1 b - - 0 23\nFind the best move for the side to move.\nReply with UCI move notation only."",""rawAnswer"":"""",""parsedMove"":"""",""expectedMove"":""f5g5"",""result"":""error"",""errorMessage"":""invalid params, model[MiniMax-M3] does not support max tokens > 524288 (2013)""}]"
20260605T181213Z-a5d90317,2026-06-05T18:12:29.578Z,lichess-puzzles-v1,uci-next-move-v1,minimax/minimax-m3,lichess:lXH6i,lXH6i,896,under-1200,0800-0899,hangingPiece,error,false,false,false,0,"[""h5d1"",""e4e1"",""d1e1""]","[""h5d1"",""d1e1""]",[],[],0,"invalid params, model[MiniMax-M3] does not support max tokens > 524288 (2013)",0,,,,,1000000,,,,,"[{""turnIndex"":0,""prompt"":""Position FEN: r1b3k1/pp3ppp/1B2p3/1N5q/2P1Q3/1P6/P4PPP/3R2K1 b - - 0 20\nFind the best move for the side to move.\nReply with UCI move notation only."",""rawAnswer"":"""",""parsedMove"":"""",""expectedMove"":""h5d1"",""result"":""error"",""errorMessage"":""invalid params, model[MiniMax-M3] does not support max tokens > 524288 (2013)""}]"
20260605T181213Z-a5d90317,2026-06-05T18:12:29.868Z,lichess-puzzles-v1,uci-next-move-v1,minimax/minimax-m3,lichess:IZ6Sv,IZ6Sv,760,under-1200,0700-0799,hangingPiece,error,false,false,false,0,"[""c4d6"",""b5e2"",""e1e2""]","[""c4d6"",""e1e2""]",[],[],0,"invalid params, model[MiniMax-M3] does not support max tokens > 524288 (2013)",0,,,,,1000000,,,,,"[{""turnIndex"":0,""prompt"":""Position FEN: 1r4k1/6pp/1P1rp1n1/pq3p2/2N1b3/8/4QPPP/R3R1K1 w - - 0 27\nFind the best move for the side to move.\nReply with UCI move notation only."",""rawAnswer"":"""",""parsedMove"":"""",""expectedMove"":""c4d6"",""result"":""error"",""errorMessage"":""invalid params, model[MiniMax-M3] does not support max tokens > 524288 (2013)""}]"
20260605T181213Z-a5d90317,2026-06-05T18:12:30.493Z,lichess-puzzles-v1,uci-next-move-v1,minimax/minimax-m3,lichess:JDgJQ,JDgJQ,1156,under-1200,1100-1199,discoveredAttack,error,false,false,false,0,"[""d5e3"",""f2e3"",""e6c4""]","[""d5e3"",""e6c4""]",[],[],0,"invalid params, model[MiniMax-M3] does not support max tokens > 524288 (2013)",0,,,,,1000000,,,,,"[{""turnIndex"":0,""prompt"":""Position FEN: 8/p1r3kp/1pp1qpp1/3n4/2QP3N/P5P1/1P3PP1/4RK2 b - - 3 26\nFind the best move for the side to move.\nReply with UCI move notation only."",""rawAnswer"":"""",""parsedMove"":"""",""expectedMove"":""d5e3"",""result"":""error"",""errorMessage"":""invalid params, model[MiniMax-M3] does not support max tokens > 524288 (2013)""}]"
20260605T181213Z-a5d90317,2026-06-05T18:12:30.911Z,lichess-puzzles-v1,uci-next-move-v1,minimax/minimax-m3,lichess:Dr77L,Dr77L,963,under-1200,0900-0999,fork,error,false,false,false,0,"[""c6d8"",""f7e7"",""d8e6""]","[""c6d8"",""d8e6""]",[],[],0,"invalid params, model[MiniMax-M3] does not support max tokens > 524288 (2013)",0,,,,,1000000,,,,,"[{""turnIndex"":0,""prompt"":""Position FEN: 8/5k2/p1N1r2p/2bp4/R7/6PK/1P6/8 w - - 1 38\nFind the best move for the side to move.\nReply with UCI move notation only."",""rawAnswer"":"""",""parsedMove"":"""",""expectedMove"":""c6d8"",""result"":""error"",""errorMessage"":""invalid params, model[MiniMax-M3] does not support max tokens > 524288 (2013)""}]"
20260605T181213Z-a5d90317,2026-06-05T18:12:31.312Z,lichess-puzzles-v1,uci-next-move-v1,minimax/minimax-m3,lichess:nH1Ci,nH1Ci,848,under-1200,0800-0899,backRankMate,error,false,false,false,0,"[""c6c1"",""b3d1"",""c1d1""]","[""c6c1"",""c1d1""]",[],[],0,"invalid params, model[MiniMax-M3] does not support max tokens > 524288 (2013)",0,,,,,1000000,,,,,"[{""turnIndex"":0,""prompt"":""Position FEN: 3b2k1/5pp1/R1qp4/1p1Np2p/4P3/1Q6/1P3PPP/6K1 b - - 0 28\nFind the best move for the side to move.\nReply with UCI move notation only."",""rawAnswer"":"""",""parsedMove"":"""",""expectedMove"":""c6c1"",""result"":""error"",""errorMessage"":""invalid params, model[MiniMax-M3] does not support max tokens > 524288 (2013)""}]"
20260605T181213Z-a5d90317,2026-06-05T18:12:31.649Z,lichess-puzzles-v1,uci-next-move-v1,minimax/minimax-m3,lichess:qGuO6,qGuO6,531,under-1200,0500-0599,kingsideAttack,error,false,false,false,0,"[""e4e8"",""d8e8"",""e1e8""]","[""e4e8"",""e1e8""]",[],[],0,"invalid params, model[MiniMax-M3] does not support max tokens > 524288 (2013)",0,,,,,1000000,,,,,"[{""turnIndex"":0,""prompt"":""Position FEN: 3r2k1/5pp1/p2r1q1p/1p6/3pR3/PP1Q4/1P3PPP/4R1K1 w - - 6 24\nFind the best move for the side to move.\nReply with UCI move notation only."",""rawAnswer"":"""",""parsedMove"":"""",""expectedMove"":""e4e8"",""result"":""error"",""errorMessage"":""invalid params, model[MiniMax-M3] does not support max tokens > 524288 (2013)""}]"
20260605T181213Z-a5d90317,2026-06-05T18:12:32.235Z,lichess-puzzles-v1,uci-next-move-v1,minimax/minimax-m3,lichess:tJ4Kh,tJ4Kh,1197,under-1200,1100-1199,discoveredAttack,error,false,false,false,0,"[""c8a6"",""f1e1"",""b8d8""]","[""c8a6"",""b8d8""]",[],[],0,"invalid params, model[MiniMax-M3] does not support max tokens > 524288 (2013)",0,,,,,1000000,,,,,"[{""turnIndex"":0,""prompt"":""Position FEN: 1rbR4/3B1kpp/1p2p3/p3Pp2/8/2P3P1/PP3P1P/5K2 b - - 4 26\nFind the best move for the side to move.\nReply with UCI move notation only."",""rawAnswer"":"""",""parsedMove"":"""",""expectedMove"":""c8a6"",""result"":""error"",""errorMessage"":""invalid params, model[MiniMax-M3] does not support max tokens > 524288 (2013)""}]"
20260605T181213Z-a5d90317,2026-06-05T18:12:32.632Z,lichess-puzzles-v1,uci-next-move-v1,minimax/minimax-m3,lichess:8IJDm,8IJDm,978,under-1200,0900-0999,hangingPiece,error,false,false,false,0,"[""e8e1"",""g2f1"",""e1f1""]","[""e8e1"",""e1f1""]",[],[],0,"invalid params, model[MiniMax-M3] does not support max tokens > 524288 (2013)",0,,,,,1000000,,,,,"[{""turnIndex"":0,""prompt"":""Position FEN: 4r1k1/Q4p1p/6p1/2NP4/2b2N2/8/1r4BP/4R1K1 b - - 3 33\nFind the best move for the side to move.\nReply with UCI move notation only."",""rawAnswer"":"""",""parsedMove"":"""",""expectedMove"":""e8e1"",""result"":""error"",""errorMessage"":""invalid params, model[MiniMax-M3] does not support max tokens > 524288 (2013)""}]"
20260605T181213Z-a5d90317,2026-06-05T18:12:33.007Z,lichess-puzzles-v1,uci-next-move-v1,minimax/minimax-m3,lichess:A9VKU,A9VKU,1180,under-1200,1100-1199,advancedPawn,error,false,false,false,0,"[""d4e6"",""d8g8"",""d6d7""]","[""d4e6"",""d6d7""]",[],[],0,"invalid params, model[MiniMax-M3] does not support max tokens > 524288 (2013)",0,,,,,1000000,,,,,"[{""turnIndex"":0,""prompt"":""Position FEN: 3r4/1p6/p2P1pk1/2P3p1/3N1p2/3b4/5PP1/2R3K1 w - - 2 33\nFind the best move for the side to move.\nReply with UCI move notation only."",""rawAnswer"":"""",""parsedMove"":"""",""expectedMove"":""d4e6"",""result"":""error"",""errorMessage"":""invalid params, model[MiniMax-M3] does not support max tokens > 524288 (2013)""}]"
20260605T181213Z-a5d90317,2026-06-05T18:12:33.286Z,lichess-puzzles-v1,uci-next-move-v1,minimax/minimax-m3,lichess:7zm3A,7zm3A,1089,under-1200,1000-1099,kingsideAttack,error,false,false,false,0,"[""e4g4"",""e2g3"",""g4g3""]","[""e4g4"",""g4g3""]",[],[],0,"invalid params, model[MiniMax-M3] does not support max tokens > 524288 (2013)",0,,,,,1000000,,,,,"[{""turnIndex"":0,""prompt"":""Position FEN: 5rk1/1pp3p1/p1nq4/3p1pNp/1P1Pr2P/P2QP3/4NP2/R4RK1 b - - 0 20\nFind the best move for the side to move.\nReply with UCI move notation only."",""rawAnswer"":"""",""parsedMove"":"""",""expectedMove"":""e4g4"",""result"":""error"",""errorMessage"":""invalid params, model[MiniMax-M3] does not support max tokens > 524288 (2013)""}]"
20260605T181213Z-a5d90317,2026-06-05T18:12:33.671Z,lichess-puzzles-v1,uci-next-move-v1,minimax/minimax-m3,lichess:CRiBK,CRiBK,1162,under-1200,1100-1199,mate,error,false,false,false,0,"[""g4g3"",""f2f1"",""d7h3""]","[""g4g3"",""d7h3""]",[],[],0,"invalid params, model[MiniMax-M3] does not support max tokens > 524288 (2013)",0,,,,,1000000,,,,,"[{""turnIndex"":0,""prompt"":""Position FEN: 8/ppkb4/8/2P5/4Qpq1/1P3N2/P2NBK2/8 b - - 1 35\nFind the best move for the side to move.\nReply with UCI move notation only."",""rawAnswer"":"""",""parsedMove"":"""",""expectedMove"":""g4g3"",""result"":""error"",""errorMessage"":""invalid params, model[MiniMax-M3] does not support max tokens > 524288 (2013)""}]"
20260605T181213Z-a5d90317,2026-06-05T18:12:34.459Z,lichess-puzzles-v1,uci-next-move-v1,minimax/minimax-m3,lichess:Ibaik,Ibaik,676,under-1200,0600-0699,fork,error,false,false,false,0,"[""c5d3"",""c1b1"",""d3f4""]","[""c5d3"",""d3f4""]",[],[],0,"invalid params, model[MiniMax-M3] does not support max tokens > 524288 (2013)",0,,,,,1000000,,,,,"[{""turnIndex"":0,""prompt"":""Position FEN: 5r2/2pb1qk1/1p1p1np1/p1nP4/2P1PQ2/5BN1/PP4P1/2K2R1R b - - 0 26\nFind the best move for the side to move.\nReply with UCI move notation only."",""rawAnswer"":"""",""parsedMove"":"""",""expectedMove"":""c5d3"",""result"":""error"",""errorMessage"":""invalid params, model[MiniMax-M3] does not support max tokens > 524288 (2013)""}]"
20260605T181213Z-a5d90317,2026-06-05T18:12:35.107Z,lichess-puzzles-v1,uci-next-move-v1,minimax/minimax-m3,lichess:qNCf3,qNCf3,818,under-1200,0800-0899,discoveredAttack,error,false,false,false,0,"[""e6e1"",""d1e1"",""d7f5""]","[""e6e1"",""d7f5""]",[],[],0,"invalid params, model[MiniMax-M3] does not support max tokens > 524288 (2013)",0,,,,,1000000,,,,,"[{""turnIndex"":0,""prompt"":""Position FEN: 3r2k1/p2q1bpp/4rp2/2pp1N2/8/P6P/1PPQ1PP1/3RR1K1 b - - 1 23\nFind the best move for the side to move.\nReply with UCI move notation only."",""rawAnswer"":"""",""parsedMove"":"""",""expectedMove"":""e6e1"",""result"":""error"",""errorMessage"":""invalid params, model[MiniMax-M3] does not support max tokens > 524288 (2013)""}]"
20260605T181213Z-a5d90317,2026-06-05T18:12:35.646Z,lichess-puzzles-v1,uci-next-move-v1,minimax/minimax-m3,lichess:VNdch,VNdch,875,under-1200,0800-0899,advancedPawn,error,false,false,false,0,"[""b1b7"",""a7b7"",""a6b7""]","[""b1b7"",""a6b7""]",[],[],0,"invalid params, model[MiniMax-M3] does not support max tokens > 524288 (2013)",0,,,,,1000000,,,,,"[{""turnIndex"":0,""prompt"":""Position FEN: 8/r4kp1/P6p/2p2p2/4p3/P1Bn2P1/5PK1/1R6 w - - 2 45\nFind the best move for the side to move.\nReply with UCI move notation only."",""rawAnswer"":"""",""parsedMove"":"""",""expectedMove"":""b1b7"",""result"":""error"",""errorMessage"":""invalid params, model[MiniMax-M3] does not support max tokens > 524288 (2013)""}]"
20260605T181213Z-a5d90317,2026-06-05T18:12:36.047Z,lichess-puzzles-v1,uci-next-move-v1,minimax/minimax-m3,lichess:KNa68,KNa68,560,under-1200,0500-0599,backRankMate,error,false,false,false,0,"[""d5d8"",""a8d8"",""d1d8""]","[""d5d8"",""d1d8""]",[],[],0,"invalid params, model[MiniMax-M3] does not support max tokens > 524288 (2013)",0,,,,,1000000,,,,,"[{""turnIndex"":0,""prompt"":""Position FEN: r2r2k1/p3Bppp/8/3R4/1P6/7P/q5P1/3R3K w - - 0 31\nFind the best move for the side to move.\nReply with UCI move notation only."",""rawAnswer"":"""",""parsedMove"":"""",""expectedMove"":""d5d8"",""result"":""error"",""errorMessage"":""invalid params, model[MiniMax-M3] does not support max tokens > 524288 (2013)""}]"
20260605T181213Z-a5d90317,2026-06-05T18:12:36.340Z,lichess-puzzles-v1,uci-next-move-v1,minimax/minimax-m3,lichess:SkBTt,SkBTt,1073,under-1200,1000-1099,attraction,error,false,false,false,0,"[""h5h2"",""h1h2"",""d8h4""]","[""h5h2"",""d8h4""]",[],[],0,"invalid params, model[MiniMax-M3] does not support max tokens > 524288 (2013)",0,,,,,1000000,,,,,"[{""turnIndex"":0,""prompt"":""Position FEN: r2q2k1/1pp3pp/p2p4/3Pp2r/PPP1Np2/3PbP2/4Q1PP/R4R1K b - - 0 21\nFind the best move for the side to move.\nReply with UCI move notation only."",""rawAnswer"":"""",""parsedMove"":"""",""expectedMove"":""h5h2"",""result"":""error"",""errorMessage"":""invalid params, model[MiniMax-M3] does not support max tokens > 524288 (2013)""}]"
20260605T181213Z-a5d90317,2026-06-05T18:12:36.676Z,lichess-puzzles-v1,uci-next-move-v1,minimax/minimax-m3,lichess:cq0YW,cq0YW,1069,under-1200,1000-1099,mate,error,false,false,false,0,"[""a1h1"",""h3g3"",""h5h4""]","[""a1h1"",""h5h4""]",[],[],0,"invalid params, model[MiniMax-M3] does not support max tokens > 524288 (2013)",0,,,,,1000000,,,,,"[{""turnIndex"":0,""prompt"":""Position FEN: 1R6/P7/1P6/5k1p/4p3/7K/5PP1/r7 b - - 0 40\nFind the best move for the side to move.\nReply with UCI move notation only."",""rawAnswer"":"""",""parsedMove"":"""",""expectedMove"":""a1h1"",""result"":""error"",""errorMessage"":""invalid params, model[MiniMax-M3] does not support max tokens > 524288 (2013)""}]"
20260605T181213Z-a5d90317,2026-06-05T18:12:37.072Z,lichess-puzzles-v1,uci-next-move-v1,minimax/minimax-m3,lichess:U6jtq,U6jtq,1078,under-1200,1000-1099,middlegame,error,false,false,false,0,"[""d1a4"",""e8f8"",""a4b4""]","[""d1a4"",""a4b4""]",[],[],0,"invalid params, model[MiniMax-M3] does not support max tokens > 524288 (2013)",0,,,,,1000000,,,,,"[{""turnIndex"":0,""prompt"":""Position FEN: r3k2r/1p3pp1/pB2b3/P3p2p/1bP5/3q1P2/1P1N2PP/R2QR1K1 w kq - 3 20\nFind the best move for the side to move.\nReply with UCI move notation only."",""rawAnswer"":"""",""parsedMove"":"""",""expectedMove"":""d1a4"",""result"":""error"",""errorMessage"":""invalid params, model[MiniMax-M3] does not support max tokens > 524288 (2013)""}]"
20260605T181213Z-a5d90317,2026-06-05T18:12:37.533Z,lichess-puzzles-v1,uci-next-move-v1,minimax/minimax-m3,lichess:U5hVn,U5hVn,535,under-1200,0500-0599,queenEndgame,error,false,false,false,0,"[""a7d4"",""c4d4"",""e4d4""]","[""a7d4"",""e4d4""]",[],[],0,"invalid params, model[MiniMax-M3] does not support max tokens > 524288 (2013)",0,,,,,1000000,,,,,"[{""turnIndex"":0,""prompt"":""Position FEN: 8/Q4pk1/3p2p1/8/2q1K3/6PP/P7/8 w - - 0 35\nFind the best move for the side to move.\nReply with UCI move notation only."",""rawAnswer"":"""",""parsedMove"":"""",""expectedMove"":""a7d4"",""result"":""error"",""errorMessage"":""invalid params, model[MiniMax-M3] does not support max tokens > 524288 (2013)""}]"
20260605T181213Z-a5d90317,2026-06-05T18:12:37.920Z,lichess-puzzles-v1,uci-next-move-v1,minimax/minimax-m3,lichess:xOTP2,xOTP2,1179,under-1200,1100-1199,advantage,error,false,false,false,0,"[""c2c8"",""e8c8"",""c1c8""]","[""c2c8"",""c1c8""]",[],[],0,"invalid params, model[MiniMax-M3] does not support max tokens > 524288 (2013)",0,,,,,1000000,,,,,"[{""turnIndex"":0,""prompt"":""Position FEN: 2r1r1k1/p3qpb1/1p4pp/3R1p2/4n3/4P1P1/PPQN1PBP/2R3K1 w - - 2 20\nFind the best move for the side to move.\nReply with UCI move notation only."",""rawAnswer"":"""",""parsedMove"":"""",""expectedMove"":""c2c8"",""result"":""error"",""errorMessage"":""invalid params, model[MiniMax-M3] does not support max tokens > 524288 (2013)""}]"
20260605T181213Z-a5d90317,2026-06-05T18:12:38.297Z,lichess-puzzles-v1,uci-next-move-v1,minimax/minimax-m3,lichess:kuXKV,kuXKV,1190,under-1200,1100-1199,kingsideAttack,error,false,false,false,0,"[""d3g6"",""f8f7"",""g6f7""]","[""d3g6"",""g6f7""]",[],[],0,"invalid params, model[MiniMax-M3] does not support max tokens > 524288 (2013)",0,,,,,1000000,,,,,"[{""turnIndex"":0,""prompt"":""Position FEN: r2q1rk1/pb2n3/1pnbppp1/2pp3Q/3P1P2/2PBP3/PP1N2PP/R1B2RK1 w - - 0 13\nFind the best move for the side to move.\nReply with UCI move notation only."",""rawAnswer"":"""",""parsedMove"":"""",""expectedMove"":""d3g6"",""result"":""error"",""errorMessage"":""invalid params, model[MiniMax-M3] does not support max tokens > 524288 (2013)""}]"
20260605T181213Z-a5d90317,2026-06-05T18:12:38.775Z,lichess-puzzles-v1,uci-next-move-v1,minimax/minimax-m3,lichess:vflRi,vflRi,1123,under-1200,1100-1199,advancedPawn,error,false,false,false,0,"[""c7c6"",""a6c6"",""a7a8q""]","[""c7c6"",""a7a8q""]",[],[],0,"invalid params, model[MiniMax-M3] does not support max tokens > 524288 (2013)",0,,,,,1000000,,,,,"[{""turnIndex"":0,""prompt"":""Position FEN: 8/P1R5/r4kp1/7p/5P2/7K/8/8 w - - 2 55\nFind the best move for the side to move.\nReply with UCI move notation only."",""rawAnswer"":"""",""parsedMove"":"""",""expectedMove"":""c7c6"",""result"":""error"",""errorMessage"":""invalid params, model[MiniMax-M3] does not support max tokens > 524288 (2013)""}]"
20260605T181213Z-a5d90317,2026-06-05T18:12:39.476Z,lichess-puzzles-v1,uci-next-move-v1,minimax/minimax-m3,lichess:tE6gq,tE6gq,1085,under-1200,1000-1099,fork,error,false,false,false,0,"[""e5f3"",""g1g2"",""f3d2""]","[""e5f3"",""f3d2""]",[],[],0,"invalid params, model[MiniMax-M3] does not support max tokens > 524288 (2013)",0,,,,,1000000,,,,,"[{""turnIndex"":0,""prompt"":""Position FEN: r4rk1/2p2ppp/3p3q/p1p1n3/P3PP2/B1PB3P/2PQ4/1R2R1K1 b - - 0 18\nFind the best move for the side to move.\nReply with UCI move notation only."",""rawAnswer"":"""",""parsedMove"":"""",""expectedMove"":""e5f3"",""result"":""error"",""errorMessage"":""invalid params, model[MiniMax-M3] does not support max tokens > 524288 (2013)""}]"
20260605T181213Z-a5d90317,2026-06-05T18:12:39.825Z,lichess-puzzles-v1,uci-next-move-v1,minimax/minimax-m3,lichess:e6Ip7,e6Ip7,1027,under-1200,1000-1099,crushing,error,false,false,false,0,"[""c1h6"",""h7h6"",""f6h6""]","[""c1h6"",""f6h6""]",[],[],0,"invalid params, model[MiniMax-M3] does not support max tokens > 524288 (2013)",0,,,,,1000000,,,,,"[{""turnIndex"":0,""prompt"":""Position FEN: r4k2/ppp2P1r/3p1Q2/2bBn2p/8/2p3Pq/PP2bP1N/R1B2RK1 w - - 2 22\nFind the best move for the side to move.\nReply with UCI move notation only."",""rawAnswer"":"""",""parsedMove"":"""",""expectedMove"":""c1h6"",""result"":""error"",""errorMessage"":""invalid params, model[MiniMax-M3] does not support max tokens > 524288 (2013)""}]"
20260605T181213Z-a5d90317,2026-06-05T18:12:40.234Z,lichess-puzzles-v1,uci-next-move-v1,minimax/minimax-m3,lichess:wRYGI,wRYGI,1164,under-1200,1100-1199,skewer,error,false,false,false,0,"[""a2b1"",""d3e2"",""b1f5""]","[""a2b1"",""b1f5""]",[],[],0,"invalid params, model[MiniMax-M3] does not support max tokens > 524288 (2013)",0,,,,,1000000,,,,,"[{""turnIndex"":0,""prompt"":""Position FEN: 8/2kr1pR1/2p5/4PQ2/3P3P/2PK4/q7/8 b - - 1 40\nFind the best move for the side to move.\nReply with UCI move notation only."",""rawAnswer"":"""",""parsedMove"":"""",""expectedMove"":""a2b1"",""result"":""error"",""errorMessage"":""invalid params, model[MiniMax-M3] does not support max tokens > 524288 (2013)""}]"
20260605T181213Z-a5d90317,2026-06-05T18:12:40.911Z,lichess-puzzles-v1,uci-next-move-v1,minimax/minimax-m3,lichess:gHfgs,gHfgs,1073,under-1200,1000-1099,fork,error,false,false,false,0,"[""e5f7"",""g5g6"",""f7h6""]","[""e5f7"",""f7h6""]",[],[],0,"invalid params, model[MiniMax-M3] does not support max tokens > 524288 (2013)",0,,,,,1000000,,,,,"[{""turnIndex"":0,""prompt"":""Position FEN: 8/8/7R/1P1knPK1/8/6P1/1r6/8 b - - 2 50\nFind the best move for the side to move.\nReply with UCI move notation only."",""rawAnswer"":"""",""parsedMove"":"""",""expectedMove"":""e5f7"",""result"":""error"",""errorMessage"":""invalid params, model[MiniMax-M3] does not support max tokens > 524288 (2013)""}]"
20260605T181213Z-a5d90317,2026-06-05T18:12:41.818Z,lichess-puzzles-v1,uci-next-move-v1,minimax/minimax-m3,lichess:YNfPp,YNfPp,982,under-1200,0900-0999,backRankMate,error,false,false,false,0,"[""d5f7"",""g8h8"",""f7f8"",""e8f8"",""f1f8""]","[""d5f7"",""f7f8"",""f1f8""]",[],[],0,"invalid params, model[MiniMax-M3] does not support max tokens > 524288 (2013)",0,,,,,1000000,,,,,"[{""turnIndex"":0,""prompt"":""Position FEN: r1b1rbk1/1p3ppp/1n6/p2Q4/P7/2P3BP/1P2q1PN/RN3R1K w - - 8 25\nFind the best move for the side to move.\nReply with UCI move notation only."",""rawAnswer"":"""",""parsedMove"":"""",""expectedMove"":""d5f7"",""result"":""error"",""errorMessage"":""invalid params, model[MiniMax-M3] does not support max tokens > 524288 (2013)""}]"
20260605T181213Z-a5d90317,2026-06-05T18:12:42.206Z,lichess-puzzles-v1,uci-next-move-v1,minimax/minimax-m3,lichess:cXHsK,cXHsK,919,under-1200,0900-0999,fork,error,false,false,false,0,"[""b7b8"",""g8h7"",""b8e5""]","[""b7b8"",""b8e5""]",[],[],0,"invalid params, model[MiniMax-M3] does not support max tokens > 524288 (2013)",0,,,,,1000000,,,,,"[{""turnIndex"":0,""prompt"":""Position FEN: 6k1/pQ3p2/4p1p1/4r3/1pr4P/8/PP3P1K/8 w - - 2 33\nFind the best move for the side to move.\nReply with UCI move notation only."",""rawAnswer"":"""",""parsedMove"":"""",""expectedMove"":""b7b8"",""result"":""error"",""errorMessage"":""invalid params, model[MiniMax-M3] does not support max tokens > 524288 (2013)""}]"
20260605T181213Z-a5d90317,2026-06-05T18:12:42.594Z,lichess-puzzles-v1,uci-next-move-v1,minimax/minimax-m3,lichess:w37m4,w37m4,608,under-1200,0600-0699,backRankMate,error,false,false,false,0,"[""e6e1"",""d1e1"",""e8e1""]","[""e6e1"",""e8e1""]",[],[],0,"invalid params, model[MiniMax-M3] does not support max tokens > 524288 (2013)",0,,,,,1000000,,,,,"[{""turnIndex"":0,""prompt"":""Position FEN: 4r1k1/p1p3pp/1p2qp2/3P4/3Q4/8/PP3PPP/3R2K1 b - - 0 22\nFind the best move for the side to move.\nReply with UCI move notation only."",""rawAnswer"":"""",""parsedMove"":"""",""expectedMove"":""e6e1"",""result"":""error"",""errorMessage"":""invalid params, model[MiniMax-M3] does not support max tokens > 524288 (2013)""}]"
20260605T181213Z-a5d90317,2026-06-05T18:12:42.968Z,lichess-puzzles-v1,uci-next-move-v1,minimax/minimax-m3,lichess:mp4Vu,mp4Vu,1067,under-1200,1000-1099,mate,error,false,false,false,0,"[""d2h6"",""g7g8"",""h6h8""]","[""d2h6"",""h6h8""]",[],[],0,"invalid params, model[MiniMax-M3] does not support max tokens > 524288 (2013)",0,,,,,1000000,,,,,"[{""turnIndex"":0,""prompt"":""Position FEN: 8/1b3pk1/1p1p1npp/1PpPp3/2P1P3/5qP1/2nQ1P2/rN4KR w - - 0 30\nFind the best move for the side to move.\nReply with UCI move notation only."",""rawAnswer"":"""",""parsedMove"":"""",""expectedMove"":""d2h6"",""result"":""error"",""errorMessage"":""invalid params, model[MiniMax-M3] does not support max tokens > 524288 (2013)""}]"
20260605T181213Z-a5d90317,2026-06-05T18:12:43.494Z,lichess-puzzles-v1,uci-next-move-v1,minimax/minimax-m3,lichess:MqvyZ,MqvyZ,912,under-1200,0900-0999,pin,error,false,false,false,0,"[""d2d4"",""h4g4"",""d4e4""]","[""d2d4"",""d4e4""]",[],[],0,"invalid params, model[MiniMax-M3] does not support max tokens > 524288 (2013)",0,,,,,1000000,,,,,"[{""turnIndex"":0,""prompt"":""Position FEN: 6k1/8/1p6/p3P1P1/P1P1B2K/1P5P/3r4/8 b - - 0 42\nFind the best move for the side to move.\nReply with UCI move notation only."",""rawAnswer"":"""",""parsedMove"":"""",""expectedMove"":""d2d4"",""result"":""error"",""errorMessage"":""invalid params, model[MiniMax-M3] does not support max tokens > 524288 (2013)""}]"
20260605T181213Z-a5d90317,2026-06-05T18:12:44.644Z,lichess-puzzles-v1,uci-next-move-v1,minimax/minimax-m3,lichess:q9xbA,q9xbA,1073,under-1200,1000-1099,pin,error,false,false,false,0,"[""f6g5"",""e3g5"",""e5g5""]","[""f6g5"",""e5g5""]",[],[],0,"invalid params, model[MiniMax-M3] does not support max tokens > 524288 (2013)",0,,,,,1000000,,,,,"[{""turnIndex"":0,""prompt"":""Position FEN: 1r4k1/5pp1/4pb2/4q2p/4P3/2N1Q3/PPP1N3/2KR4 b - - 3 21\nFind the best move for the side to move.\nReply with UCI move notation only."",""rawAnswer"":"""",""parsedMove"":"""",""expectedMove"":""f6g5"",""result"":""error"",""errorMessage"":""invalid params, model[MiniMax-M3] does not support max tokens > 524288 (2013)""}]"
20260605T181213Z-a5d90317,2026-06-05T18:12:45.259Z,lichess-puzzles-v1,uci-next-move-v1,minimax/minimax-m3,lichess:7HN0m,7HN0m,880,under-1200,0800-0899,mate,error,false,false,false,0,"[""d4d1"",""c2c1"",""d1c1""]","[""d4d1"",""d1c1""]",[],[],0,"invalid params, model[MiniMax-M3] does not support max tokens > 524288 (2013)",0,,,,,1000000,,,,,"[{""turnIndex"":0,""prompt"":""Position FEN: 4kb1r/1Q4pp/p4p2/2q5/3r4/6P1/PPR1PPBP/RK6 b k - 0 20\nFind the best move for the side to move.\nReply with UCI move notation only."",""rawAnswer"":"""",""parsedMove"":"""",""expectedMove"":""d4d1"",""result"":""error"",""errorMessage"":""invalid params, model[MiniMax-M3] does not support max tokens > 524288 (2013)""}]"
20260605T181213Z-a5d90317,2026-06-05T18:12:45.593Z,lichess-puzzles-v1,uci-next-move-v1,minimax/minimax-m3,lichess:8ZMUp,8ZMUp,646,under-1200,0600-0699,backRankMate,error,false,false,false,0,"[""d4d1"",""e5e1"",""d1e1""]","[""d4d1"",""d1e1""]",[],[],0,"invalid params, model[MiniMax-M3] does not support max tokens > 524288 (2013)",0,,,,,1000000,,,,,"[{""turnIndex"":0,""prompt"":""Position FEN: 2R2nkr/pp3pp1/4p3/3pR3/1P1r4/P6Q/5PPP/6K1 b - - 0 25\nFind the best move for the side to move.\nReply with UCI move notation only."",""rawAnswer"":"""",""parsedMove"":"""",""expectedMove"":""d4d1"",""result"":""error"",""errorMessage"":""invalid params, model[MiniMax-M3] does not support max tokens > 524288 (2013)""}]"
20260605T181213Z-a5d90317,2026-06-05T18:12:45.893Z,lichess-puzzles-v1,uci-next-move-v1,minimax/minimax-m3,lichess:pLjEQ,pLjEQ,941,under-1200,0900-0999,discoveredAttack,error,false,false,false,0,"[""e4f6"",""e7f6"",""f3d5""]","[""e4f6"",""f3d5""]",[],[],0,"invalid params, model[MiniMax-M3] does not support max tokens > 524288 (2013)",0,,,,,1000000,,,,,"[{""turnIndex"":0,""prompt"":""Position FEN: r4rk1/ppp1ppb1/6pp/3qn3/4N3/P1PPBQ1P/1P3PP1/R4RK1 w - - 1 16\nFind the best move for the side to move.\nReply with UCI move notation only."",""rawAnswer"":"""",""parsedMove"":"""",""expectedMove"":""e4f6"",""result"":""error"",""errorMessage"":""invalid params, model[MiniMax-M3] does not support max tokens > 524288 (2013)""}]"
20260605T181213Z-a5d90317,2026-06-05T18:12:46.275Z,lichess-puzzles-v1,uci-next-move-v1,minimax/minimax-m3,lichess:xES30,xES30,980,under-1200,0900-0999,advancedPawn,error,false,false,false,0,"[""h4h3"",""d4e4"",""h3h2"",""e4f5"",""h2h1q""]","[""h4h3"",""h3h2"",""h2h1q""]",[],[],0,"invalid params, model[MiniMax-M3] does not support max tokens > 524288 (2013)",0,,,,,1000000,,,,,"[{""turnIndex"":0,""prompt"":""Position FEN: 8/2k5/8/4P3/3KbP1p/1B6/8/8 b - - 2 47\nFind the best move for the side to move.\nReply with UCI move notation only."",""rawAnswer"":"""",""parsedMove"":"""",""expectedMove"":""h4h3"",""result"":""error"",""errorMessage"":""invalid params, model[MiniMax-M3] does not support max tokens > 524288 (2013)""}]"
20260605T181213Z-a5d90317,2026-06-05T18:12:46.690Z,lichess-puzzles-v1,uci-next-move-v1,minimax/minimax-m3,lichess:jrwVf,jrwVf,959,under-1200,0900-0999,kingsideAttack,error,false,false,false,0,"[""h2h7"",""g8f8"",""h7h8""]","[""h2h7"",""h7h8""]",[],[],0,"invalid params, model[MiniMax-M3] does not support max tokens > 524288 (2013)",0,,,,,1000000,,,,,"[{""turnIndex"":0,""prompt"":""Position FEN: r2qr1k1/2p2pp1/p2p4/3P4/1p3P2/2bB4/P1P3PQ/4RRK1 w - - 2 23\nFind the best move for the side to move.\nReply with UCI move notation only."",""rawAnswer"":"""",""parsedMove"":"""",""expectedMove"":""h2h7"",""result"":""error"",""errorMessage"":""invalid params, model[MiniMax-M3] does not support max tokens > 524288 (2013)""}]"
20260605T181213Z-a5d90317,2026-06-05T18:12:47.693Z,lichess-puzzles-v1,uci-next-move-v1,minimax/minimax-m3,lichess:8QrVt,8QrVt,770,under-1200,0700-0799,backRankMate,error,false,false,false,0,"[""f3f1"",""c1f1"",""f7f1""]","[""f3f1"",""f7f1""]",[],[],0,"invalid params, model[MiniMax-M3] does not support max tokens > 524288 (2013)",0,,,,,1000000,,,,,"[{""turnIndex"":0,""prompt"":""Position FEN: 5rk1/1pp2rp1/p2p4/4p2p/P7/3P1q2/1PPQ2NR/2R4K b - - 1 29\nFind the best move for the side to move.\nReply with UCI move notation only."",""rawAnswer"":"""",""parsedMove"":"""",""expectedMove"":""f3f1"",""result"":""error"",""errorMessage"":""invalid params, model[MiniMax-M3] does not support max tokens > 524288 (2013)""}]"
20260605T181213Z-a5d90317,2026-06-05T18:12:47.988Z,lichess-puzzles-v1,uci-next-move-v1,minimax/minimax-m3,lichess:a4E3Z,a4E3Z,1187,under-1200,1100-1199,attraction,error,false,false,false,0,"[""a1g1"",""h1g1"",""f3f1""]","[""a1g1"",""f3f1""]",[],[],0,"invalid params, model[MiniMax-M3] does not support max tokens > 524288 (2013)",0,,,,,1000000,,,,,"[{""turnIndex"":0,""prompt"":""Position FEN: 2Q5/5ppk/7p/1p2PP2/1Pb1P3/5q2/3Q2RP/r5BK b - - 2 40\nFind the best move for the side to move.\nReply with UCI move notation only."",""rawAnswer"":"""",""parsedMove"":"""",""expectedMove"":""a1g1"",""result"":""error"",""errorMessage"":""invalid params, model[MiniMax-M3] does not support max tokens > 524288 (2013)""}]"
20260605T181213Z-a5d90317,2026-06-05T18:12:48.400Z,lichess-puzzles-v1,uci-next-move-v1,minimax/minimax-m3,lichess:quKn9,quKn9,895,under-1200,0800-0899,kingsideAttack,error,false,false,false,0,"[""c1h6"",""h8g8"",""h6g7""]","[""c1h6"",""h6g7""]",[],[],0,"invalid params, model[MiniMax-M3] does not support max tokens > 524288 (2013)",0,,,,,1000000,,,,,"[{""turnIndex"":0,""prompt"":""Position FEN: r2q3k/2p2p2/p3rPp1/3pP3/1P1P4/6Pp/P6P/R1Q3K1 w - - 0 31\nFind the best move for the side to move.\nReply with UCI move notation only."",""rawAnswer"":"""",""parsedMove"":"""",""expectedMove"":""c1h6"",""result"":""error"",""errorMessage"":""invalid params, model[MiniMax-M3] does not support max tokens > 524288 (2013)""}]"